title,file,bars,bpm,role,lyrics
Come On Move,male_rap_come_on_move_140bpm_2bars.mp3,2,140,crowd hype chant,Come on come on get up move now
Light Up the Floor,male_rap_light_up_the_floor_140bpm_4bars.mp3,4,140,four-line rhythmic rap,"Step in the light, let your feet ignite Bring that spark to the floor tonight"
Hands Up High,male_rap_hands_up_high_140bpm_2bars.mp3,2,140,crowd hype chant,Hands up hands up reach high touch sky
Power in Motion,male_rap_power_in_motion_140bpm_4bars.mp3,4,140,four-line rhythmic rap,"Power in motion, we ride that wave Step to the rhythm, be loud, be brave"
Go Go Move Fast,male_rap_go_go_move_fast_140bpm_2bars.mp3,2,140,crowd hype chant,"Go go, go go, move fast."
Fresh Step,male_rap_fresh_step_140bpm_2bars.mp3,2,140,four-line rhythmic rap,One fresh step and we start to fly. Keep that fire running sky high.
Hey Yo Jump,male_rap_hey_yo_jump_140bpm_2bars.mp3,2,140,crowd hype chant,Hey yo hey yo jump up let’s go
Room to Rise,male_rap_room_to_rise_140bpm_4bars.mp3,4,140,four-line rhythmic rap,"Make some room, let the whole crew rise Feel that flash when the bass collides Left to the right, now turn it loose Put your hands up and bring that juice"
Bring That Beat,male_rap_bring_that_beat_140bpm_2bars.mp3,2,140,crowd hype chant,Bring that beat back bring that beat back
Pulse Patrol,male_rap_pulse_patrol_140bpm_4bars.mp3,4,140,four-line rhythmic rap,"We got the pulse and we hold it tight Shake off the dust, step into the light Four on the floor and the pressure grows Ride that rhythm wherever it goes"
All Right Tonight,male_rap_all_right_tonight_140bpm_2bars.mp3,2,140,crowd hype chant,All right all right feel good tonight
Forward Fire,male_rap_forward_fire_140bpm_4bars.mp3,4,140,four-line rhythmic rap,"Forward fire, never standing still Find that spark and you find that thrill"
One More Time Crew,male_rap_one_more_time_crew_140bpm_2bars.mp3,2,140,crowd hype chant,One more one more one more time crew
Concrete Glow,male_rap_concrete_glow_140bpm_4bars.mp3,4,140,four-line rhythmic rap,Concrete glow under dancing feet Every new step makes the night complete
Rock This Place,male_rap_rock_this_place_140bpm_4bars.mp3,4,140,crowd hype chant,Rock this rock this rock this whole place
Raise the Roofline,male_rap_raise_the_roofline_140bpm_4bars.mp3,4,140,four-line rhythmic rap,"Raise the roofline, open the door Bring that feeling back to the floor"
Yeah Keep Moving,male_rap_yeah_keep_moving_140bpm_4bars.mp3,4,140,crowd hype chant,Yeah yeah yeah yeah keep on moving
Signal to Move,male_rap_signal_to_move_140bpm_4bars.mp3,4,140,four-line rhythmic rap,"Send that signal from wall to wall Big bright rhythm, a call for all"
Turn It Up Crew,male_rap_turn_it_up_crew_140bpm_4bars.mp3,4,140,crowd hype chant,Turn it up now turn it up crew
Night Shift Charge,male_rap_night_shift_charge_140bpm_4bars.mp3,4,140,four-line rhythmic rap,Night shift charge with a fresh new sound Feel that current go round and round
