number,file,title,role,requested_lyrics_or_scat,recognized_lyrics,bpm,bars,seconds,frames,main_attack_beats
6,06_pulse_in_my_heart_140bpm_2bars.mp3,Pulse in My Heart,rhythmic hook,Pulse in My Heart,Pulse in my heart,140,2,3.428571429,151200,"0,2,3,4"
7,07_we_own_this_moment_140bpm_2bars.mp3,We Own This Moment,rhythmic hook,We Own This Moment,We own this moment,140,2,3.428571429,151200,"0,1,2,3,4"
8,08_stay_close_to_me_140bpm_2bars.mp3,Stay Close to Me,warm hook,Stay Close to Me,Stay close to me,140,2,3.428571429,151200,"0,2,4,5"
9,09_turn_up_the_glow_140bpm_2bars.mp3,Turn Up the Glow,dance call,Turn Up the Glow,Turn up the glow,140,2,3.428571429,151200,"0,1,2,2.5"
10,10_spark_in_my_soul_140bpm_2bars.mp3,Spark in My Soul,soulful hook,Spark in My Soul,Spark in my soul,140,2,3.428571429,151200,"0,2,3,4"
11,11_make_it_shine_140bpm_2bars.mp3,Make It Shine,spacious hook,Make It Shine,Make it shine!,140,2,3.428571429,151200,"0,2,4"
12,12_all_night_alive_140bpm_2bars.mp3,All Night Alive,uplift hook,All Night Alive,All night alive,140,2,3.428571429,151200,"0,1,2,3"
13,13_feel_the_rush_140bpm_2bars.mp3,Feel the Rush,soulful call,Feel the Rush,Feel the rush,140,2,3.428571429,151200,"0,1,2"
14,14_together_we_rise_140bpm_2bars.mp3,Together We Rise,uplift hook,Together We Rise,Together we rise.,140,2,3.428571429,151200,"0,1,2,4"
15,15_come_into_the_light_140bpm_4bars.mp3,Come into the Light,rhythmic hook,Come into the Light,Come into the light,140,4,6.857142857,302400,"0,2,4,6,8"
16,16_never_let_go_140bpm_2bars.mp3,Never Let Go,warm hook,Never Let Go,Never let go,140,2,3.428571429,151200,"0,1,4"
17,17_higher_every_time_140bpm_4bars.mp3,Higher Every Time,uplift hook,Higher Every Time,Higher every time,140,4,6.857142857,302400,"0,2,4,8"
18,18_can_you_hear_my_heartbeat_140bpm_4bars.mp3,Can You Hear My Heartbeat,long melodic hook,Can You Hear My Heartbeat,Can you hear my heart beat?,140,4,6.857142857,302400,"0,1,2,4,6,10"
19,19_we_can_dance_until_the_morning_140bpm_2bars.mp3,We Can Dance Until the Morning,long melodic hook,We Can Dance Until the Morning,We can dance until the morning!,140,2,3.428571429,151200,"0,0.5,1.5,2.5,3.5,4.5,5,6.5"
20,20_hold_me_in_the_rhythm_140bpm_4bars.mp3,Hold Me in the Rhythm,long soulful hook,Hold Me in the Rhythm,Hold me in the rhythm,140,4,6.857142857,302400,"0,2,6,7,8"
21,21_let_the_colours_carry_you_140bpm_4bars.mp3,Let the Colours Carry You,long melodic hook,Let the Colours Carry You,Let the colors carry you,140,4,6.857142857,302400,"0,1,2,4,6,8"
22,22_lift_your_voice_and_touch_the_sky_140bpm_4bars.mp3,Lift Your Voice and Touch the Sky,long uplift hook,Lift Your Voice and Touch the Sky,Lift your voice and touch the sky.,140,4,6.857142857,302400,"0,1,2,4,6,8,10"
23,23_open_up_your_heart_tonight_140bpm_4bars.mp3,Open Up Your Heart Tonight,long melodic hook,Open Up Your Heart Tonight,Open up your heart tonight,140,4,6.857142857,302400,"0,1,1.5,3,4,6,8"
24,24_scat_doo_ba_dee_dah_140bpm_2bars.mp3,Scat Doo Ba Dee Dah,wordless scat,doo ba dee dah,,140,2,3.428571429,151200,"0,1,2,4"
25,25_scat_sha_bee_doo_wah_140bpm_2bars.mp3,Scat Sha Bee Doo Wah,wordless scat,sha bee doo wah,,140,2,3.428571429,151200,"0,0.5,2.5,3.5"
26,26_scat_ba_da_bop_140bpm_2bars.mp3,Scat Ba Da Bop,wordless scat,ba da bop,,140,2,3.428571429,151200,"0,1,2"
27,27_vowels_oo_ee_ah_140bpm_2bars.mp3,Vowels Oo Ee Ah,wordless vowels,oo ee ah,,140,2,3.428571429,151200,"0,2,4"
28,28_scat_da_ya_da_ya_140bpm_2bars.mp3,Scat Da Ya Da Ya,wordless scat,da ya da ya,,140,2,3.428571429,151200,"0,1,2,4"
29,29_hum_mm_ah_oo_140bpm_2bars.mp3,Hum Mm Ah Oo,wordless hum/vowels,mm ah oo,,140,2,3.428571429,151200,"0,1,2"
30,30_scat_doo_ba_dee_doo_ba_dah_140bpm_2bars.mp3,Scat Doo Ba Dee Doo Ba Dah,long wordless scat,doo ba dee doo ba dah,,140,2,3.428571429,151200,"0,1,2,3,4,5"
31,31_scat_sha_ba_dee_ya_sha_ba_doo_140bpm_2bars.mp3,Scat Sha Ba Dee Ya Sha Ba Doo,long wordless scat,sha ba dee ya sha ba doo,,140,2,3.428571429,151200,"0,1,2,3,4,5,5.5"
32,32_scat_da_ba_da_ba_dee_yah_140bpm_2bars.mp3,Scat Da Ba Da Ba Dee Yah,long wordless scat,da ba da ba dee yah,,140,2,3.428571429,151200,"0,0.5,1,1.5,2,2.5"
33,33_vowels_oo_ah_ee_oh_140bpm_4bars.mp3,Vowels Oo Ah Ee Oh,long wordless vowels,oo ah ee oh,,140,4,6.857142857,302400,"0,2,4,8"
34,34_scat_ba_doo_bee_ba_doo_wah_140bpm_2bars.mp3,Scat Ba Doo Bee Ba Doo Wah,long wordless scat,ba doo bee ba doo wah,,140,2,3.428571429,151200,"0,1,2,3,4,6"
35,35_vowels_ah_eh_oh_ah_140bpm_4bars.mp3,Vowels Ah Eh Oh Ah,long wordless vowels,ah eh oh ah,,140,4,6.857142857,302400,"0,2,6,10"
